Unnamed: 0,Case type,Description,People affected,Compensation,Time period,Death,Priority Score
1,Money Cheating,Fraud for amount of 4.65 crores,2e-08,0.3875,0.5862068965517241,0.0,5.214170798502304
2,Murder,Murder case with high court involvement,8.888888888888889e-09,0.0,1.0,0.057692307692307696,5.664938806367265
3,Murder,Murder case with high court involvement,6.666666666666667e-09,0.0,0.8620689655172413,0.019230769230769232,4.718201281963266
4,Murder,Murder case with high court involvement,6.666666666666667e-09,0.0,0.5517241379310345,0.019230769230769232,3.052512726176936
5,Suo Moto,Criminal Case,0.028888888888888888,0.0,0.0,0.0,0.1431258314601587
6,Murder,Family Murder case,1.1111111111111112e-08,0.0,0.034482758620689655,0.038461538461538464,0.3795809008954856
7,Murder,Family Murder case,6.666666666666667e-09,0.0,0.5517241379310345,0.038461538461538464,3.1557284700183965
8,Murder Case,Upheld Case,8.888888888888889e-09,0.0,0.20689655172413793,0.038461538461538464,1.3049634199607385
9,Murder Case,Upheld Case,6.666666666666667e-09,0.0,0.5862068965517241,0.019230769230769232,3.2375892323754174
10,Murder Case,Upheld Case,6.666666666666667e-09,0.0,0.20689655172413793,0.019230769230769232,1.2017476641921252
11,Fraud Case,Upheld Case,0.0026666666666666666,0.01,0.0,0.0,0.05605761732189549
12,Arms Act,Section IPC 32,3.5555555555555554e-08,0.008333333333333333,0.10344827586206896,0.0,0.5880293791395049
13,Life Insurance,Regarding the the pre-mature release of the the policy,4.444444444444444e-09,0.01,0.6206896551724138,0.0,3.373122169602845
14,Murder,Muder Case which was further given to supreme court by high court,0.011111111111111112,0.0,0.3448275862068966,0.019230769230769232,2.001689416312991
15,Murder,Murder case where the it was again transferred to the supreme court,0.008888888888888889,0.0,0.7586206896551724,0.038461538461538464,4.313896081914544
16,Money Cheating,Fraud Case about the money laundring,0.015555555555555555,0.000625,0.2413793103448276,0.0,1.3704529707942945
17,Tada and Murder,Murder and arms act case,0.0044444444444444444,0.08333333333333333,0.06896551724137931,0.3076923076923077,2.480800289795008
18,Narcotic Drugs,Narcotic and the drugs where cocaine has been found,0.0022222222222222222,0.4166666666666667,0.41379310344827586,0.0,4.457259190946753
19,Murder,Murder during the panchayat elections,0.006666666666666667,0.0,0.3448275862068966,0.057692307692307696,2.1842665987525525
20,Corruption,Corruption and the findings of black money and fake draft,0.008888888888888889,0.005,0.27586206896551724,0.0,1.5432296008516682
21,Voilence,Voilence during dividing of the states,0.011111111111111112,0.041666666666666664,0.1724137931034483,0.23076923076923078,2.4353141792331505
22,Murder,Gang Murder case where  there number if case,0.028888888888888888,0.0,0.1724137931034483,0.15384615384615385,1.894234313184249
23,ArmsAct,Pistol handling case,0.04,0.0016666666666666668,0.10344827586206896,0.019230769230769232,0.870152221471722
24,Murder,Murder of a family,0.008888888888888889,0.0,0.3448275862068966,0.038461538461538464,2.092978007532772
26,Food Adulteration,Adding unwanted chemicals ,0.0022222222222222222,8.333333333333333e-05,1.0,0.0,5.367665947979265
27,Bail,Granting Bail for accused person,0.0022222222222222222,0.0,0.027586206896551727,0.0,0.14806120495878491
28,Explosive material,Storage of illegal and explosive materials,0.0022222222222222222,0.0,0.41379310344827586,0.0,2.2209180743817734
29,Rape,Brutally assualting and raping a young girl,0.022222222222222223,0.0,0.3793103448275862,0.019230769230769232,2.2464016856198716
30,Death,Death of mother and daughter,0.017777777777777778,0.0,0.13793103448275862,0.038461538461538464,1.030227580828605
31,Bail,Granting Bail for accused person,0.0044444444444444444,0.041666666666666664,0.3103448275862069,0.0,1.9012498200645076
32,Murder,Murdering a individual due to personal reasons,0.02,0.0,0.41379310344827586,0.019230769230769232,2.419551039196673
33,Bail,Granting Bail for accused person,0.006666666666666667,0.0,0.20689655172413793,0.07692307692307693,1.5471763178000886
34,Murder,Murder due to personal issues,0.024444444444444446,0.0,0.06896551724137931,0.019230769230769232,0.5926402824552218
35,Rape,Raping a minor girl,0.02666666666666667,0.0,0.20689655172413793,0.0,1.2416577160293654
36,Murder,Muder Case which was further given to supreme court by high court,0.051111111111111114,0.0,0.2413793103448276,0.019230769230769232,1.661148644907786
37,Misuse of Power,Upholding the sentence,0.006666666666666667,0.0,0.13793103448275862,0.0,0.7641603300372841
38,Arms Act,Carrying the arms without liscense,0.008888888888888889,0.0,0.20689655172413793,0.0,1.1462404950559264
39,Murder,Murder of 2 women,0.02666666666666667,0.0,0.1724137931034483,0.038461538461538464,1.2630126975138056
40,Rape,Raping a minor girl,0.06666666666666667,0.0,0.3793103448275862,0.038461538461538464,2.5881604818949295
41,Gambling,Storage of illegal money,0.0044444444444444444,0.0008333333333333334,0.27586206896551724,0.0,1.4970118844426583
42,Labour Harrasement,Harassing the labiur by not giving proper salary,0.06666666666666667,0.016666666666666666,0.13793103448275862,0.0,1.1756470954852405
43,Mob killing,Mob trying to kill a community,1.0,0.0,0.0,0.8653846153846154,10.000000000000002
44,Robbery,Robbery of house and all the major items,0.008888888888888889,0.02675,0.06896551724137931,0.038461538461538464,0.7559390576283949
45,Riot,Riots due some bills,0.6666666666666666,0.01,0.0,0.038461538461538464,3.8263223083627684
46,Murder,Gang Murder case where  there number if case,0.0044444444444444444,0.0,0.06896551724137931,0.019230769230769232,0.48529590886010265
47,Rape,Gang Rape and Murder,0.011111111111111112,0.0,0.06896551724137931,0.057692307692307696,0.7275088544080637
48,Robbery,Robbery if jewelry shop,0.006666666666666667,0.225,0.0,0.0,1.231478508188449
49,Murder,Murder of family in land case,2.6666666666666667e-08,0.0,0.41379310344827586,0.11538461538461539,2.828285527934688
50,Gang rape,Murder and gang rape,0.02666666666666667,0.0,0.3448275862068966,0.038461538461538464,2.188395228506211
51,Cruelty against women,Treating women brutally and treating them as sexual object,0.015555555555555555,0.0,0.3103448275862069,0.019230769230769232,1.8404672153578696
52,Dowry and Divorce,When women was treated and harassed for dowry and after the divorce also,6.666666666666667e-09,0.0,0.10344827586206896,0.0,0.5433024017552212
53,Murder Case,Gang murder case where the case was further forwarded to the supreme court,0.024444444444444446,0.0,0.41379310344827586,0.038461538461538464,2.546621088281493
54,Murder Case,Gang murder case where the case was further forwarded to the supreme court,0.024444444444444446,0.0,0.2413793103448276,0.019230769230769232,1.5180228134476272
55,Murder Case,Gang murder case where the case was further forwarded to the supreme court,0.022222222222222223,0.0,0.2413793103448276,0.038461538461538464,1.6093114046674082
56,Murder Case,Gang murder case where the case was further forwarded to the supreme court,0.006666666666666667,0.0,0.10344827586206896,0.019230769230769232,0.6822995676802639
57,Murder Case,Murder of the applicant after few days and further forwarded to the supreme court,0.028888888888888888,0.0,0.0,0.019230769230769232,0.24634157530161932
58,Bail,"Bail granted to accused in case involving multiple charges, later cancelled by High Court.",0.03333333333333333,0.0,0.10344827586206896,0.019230769230769232,0.8254253991404226
59,Muder Case,Murder due to personal issues,0.017777777777777778,0.0,0.0006896551724137932,0.019230769230769232,0.19040734231718948
60,Illegal Arms,Keeping illegal weapons without liscesnce,1.1111111111111112e-08,0.0,0.06896551724137931,0.0,0.3582259194110454
61,Murder and arms act,Assaulting and keeping illegal weapons,0.02,0.0,0.06896551724137931,0.019230769230769232,0.568785977211862
62,Arms Act,Keeping illegal weapons without liscesnce,0.0044444444444444444,0.0,0.034482758620689655,0.0,0.197003658820161
63,Murder Case,Murder case in the hospital by nurse,0.13333333333333333,0.001,0.06896551724137931,0.07692307692307693,1.4920852111216742
64,Illegal Trade,Ilegal trade of groceries to Pakistan and Srilanka,0.06666666666666667,0.05,0.10344827586206896,0.0,1.169477878611958
65,Murder,Murder due to business case,0.0044444444444444444,0.0,0.034482758620689655,0.057692307692307696,0.5066508903445428
66,Illegal Trade,Illegal Money order and trade of drugs,0.044444444444444446,0.10833333333333334,0.06896551724137931,0.0,1.1782176025157751
67,Terriosts Dispute,Terriosts attack dispute forwarded to high court,0.1111111111111111,0.0,0.20689655172413793,1.0,7.062108195409154
68,Dowry ,Delaying the marriage due to Dowry,0.006666666666666667,0.01,0.13793103448275862,0.0,0.8178325168348437
69,Black Money storage,1200000 storage of black money,0.008888888888888889,0.01,0.10344827586206896,0.0,0.6446831632580424
70,Illegal Bail,The prisoner bribed the officer and officer granted the bail,0.006666666666666667,0.041666666666666664,0.06896551724137931,0.0,0.61764142929682
71,Abduction,"The case revolves around the alleged abduction of a minor, Niranjan, from his school, leading to a ransom demand and subsequent apprehension of the accused by vigilant witnesses.",0.006666666666666667,0.01,0.10344827586206896,0.038461538461538464,0.8391874983192839
72,Homicide,Convection about the homicide,0.015555555555555555,0.0,0.2413793103448276,0.038461538461538464,1.5735299468023682
73,Matrimonial,This case revolves around a tragic matrimonial dispute leading to a double homicide,0.013333333333333334,0.0,0.20689655172413793,0.0,1.1700948002992861
73,Abduction,Cases revolves around the two boys for kidnapping for money,6.666666666666667e-09,0.0001,0.10344827586206896,0.0,0.5438391236231969
75,Dowry,Case is around thedivorce demand for not fulfilling the dowry,0.02666666666666667,0.0025,0.13793103448275862,0.0,0.8849227503317932
76,Rape,Rape against women for not agrreing for the marriage,0.02666666666666667,0.0,0.1724137931034483,0.0,1.0565812098308844
77,Murder,Murder of man due some fights in business,6.666666666666667e-09,0.01,0.10344827586206896,0.038461538461538464,0.8034060762357021
78,Torture,The torture of the school for not paying the fees properly of a student,6.666666666666667e-09,0.001,0.06896551724137931,0.0,0.3635931142364961
79,Murder case,Attempt to murder case and further the accused was injured by the police,0.011111111111111112,0.0,0.10344827586206896,0.038461538461538464,0.8093696167650841
80,Murder,Murder of person due to personal issues,0.0006666666666666666,0.0,0.06896551724137931,0.019230769230769232,0.46501974940324686
81,Murder,The appellants were convicted for the offence of murder for causing the death of Baban Misal.,0.011111111111111112,0.0,0.10344827586206896,0.019230769230769232,0.7061538729236234
82,Torture and harrasement,Harrasement of the labour and torture by not giving proper salary,0.06666666666666667,0.0016666666666666668,0.13793103448275862,0.0,1.0951388152889012
83,Rape,Rape Case by a principal of the college,0.06666666666666667,0.0,0.13793103448275862,0.0,1.0861934508226412
84,Illegal Trade,Selling the important arts of the state without permisson,0.08888888888888889,1.0,0.2413793103448276,0.0,7.127913175390836
85,Voilation of the rules,Voilation of the rules of the bar giving the drink to a minor,3.3333333333333334e-08,0.0,0.034482758620689655,0.0,0.17314953248409054
86,Contempt,The case centered around allegations of contempt of court against the Sub-Divisional Magistrate for his handling of a property possession dispute.,0.0008888888888888889,0.0,0.13793103448275862,0.0,0.7331497332209165
87,Fabrication,Fake a attested copy submission,0.0022222222222222222,0.0,0.0,0.0,0.0
88,Murder,Murder and torture due to the personal loan issues,0.006666666666666667,0.001,0.06896551724137931,0.019230769230769232,0.5025902801615385
89,Bail,"Bail granted to accused in case involving multiple charges, later cancelled by High Court.",0.008888888888888889,0.4166666666666667,0.13793103448275862,0.0,3.0124285992239437
90,Human trafficking,Selling girls to the open market in mumbai,0.07555555555555556,0.01,0.20689655172413793,0.019230769230769232,1.6609430043453433
91,Election Violence,Voilence errupted between the supports of the parties and some fight,8.88888888888889e-08,0.0,0.034482758620689655,0.0,0.17314983066290607
92,Robbery,Robbery of entire store room and other expensive things,0.006666666666666667,0.001954675,0.06896551724137931,0.019230769230769232,0.5077142296546345
93,Money Laundring,Case on Money Laundring of worth 800000,0.02,0.006666666666666667,0.06896551724137931,0.0,0.501351691235441
94,Bribe,Case was about the bribed inspector who closed the case of a robbery,0.008888888888888889,0.0016666666666666668,0.034482758620689655,0.0,0.22980332852978066
95,Ganesh Shivramji Mehare v. Mangesh Vasantrao Deshpande,"This case involves the interference of the High Court with orders passed by the District & Sessions Judge, Akola, under Section 482 of the Criminal Procedure Code.",1.1111111111111112e-08,0.0,0.034482758620689655,0.038461538461538464,0.3795809008954856
96,Brij Lal & Ors. v. State of U.P.,"he accused were convicted under various sections of the Indian Penal Code, with the High Court subsequently modifying the conviction to an offence under Section 304 Part II of the 149 IPC, a decision upheld by the Supreme Court.",0.011111111111111112,0.0,0.10344827586206896,0.0,0.6029381290821628
97,Factory Blast,Brijesh Lal was involved in a factory blast,0.07111111111111111,0.001,0.13793103448275862,0.4423076923076923,3.4893770830993507
98,Involment in gambling,Gambling center without proper documentation,0.011111111111111112,0.0026666666666666666,0.034482758620689655,0.0,0.24709769983121654
99,Union India vs Kuldeep singh,Kuldeep Singh sues Union of India regarding Narcotics,0.02666666666666667,0.19166666666666668,0.2413793103448276,0.0,2.4554511358477376
100,Provding fake medical kits,"Dr Susheel Kumar provided fake medical kits to many of the patients , and he was sued",0.06,0.001,0.3103448275862069,0.019230769230769232,2.0843774864712237
